Billy,O'Bryan,hustle
Trip,Crowley,hustle
Austin,Taylor,hustle
Lukas,McClamrock,hustle
Bradley,Seuntjens,hustle
Michael,Fairley,hustle
Brett,Hulsmeyer,hustle
Justin,Burnett,hustle
Christian,Olsen,hustle
Bobby,Ley,hustle
Walter,Ellard,hustle
Tyler,Randall,hustle
Matt,Smith,hustle
Jakeem,Polk,hustle
Ryan,Flick,hustle
Hayden,Austin-Knab,hustle
Adam,Miller,hustle
Jeremy,Langdon,hustle
Franky,Fernandez,hustle
Karl,Ekwurtzel,hustle
Bradley,Fleming,hustle
Dean,Ramsey,hustle
Mike,Kobyra,hustle
Jacob,Blackman,hustle
Eli,Motycka,hustle
Andrew,Thai,hustle
Cam,Copeland,hustle
Aidan,Downey,hustle
Trenton,Spinks,hustle
Tanner,Robinson,hustle
Tannon,Hedges,hustle
Michael,Johnson,hustle
Brandon,Beers,hustle
Will,Bianca,hustle
Mark,Evans,sol
Mark,Henke,sol
Reese,Bowman,sol
Evan,Swiatek,sol
Eric,Brodbeck,sol
Jake,Reinhardt,sol
Jack,Dowling,sol
Noah,Chambers,sol
Jacob,Kaplan,sol
Nick,Loughran,sol
Elliott,Moore,sol
Kyle,Henke,sol
Jordan,Salazar,sol
Mick,Walter,sol
Brandon,Dial,sol
Jackson,Potts,sol
Jake,Radack,sol
Oliver,Fay,sol
Joey,Wylie,sol
Matthew,Armour,sol
Mason,Zetsch,sol
Gavin,Babbitt,sol
Jake,Worthington,sol
Duncan,Fitzgerald,sol
Joshua,Zdrodowski,sol
Ivan,Tran,glory
Jay,Clark,glory
Benjamin,Sadok,glory
Cole,Moore,glory
Turner,Allen,glory
Topher,Davis,glory
Simon,Carapella,glory
Peter,Boerth,glory
Luca,Harwood,glory
Rocco,Linehan,glory
Oscar,Graff,glory
Jac,Carreiro,glory
Gabe,Colton,glory
Cole,Davis-Brand,glory
Zach,Singer,glory
Nathanial,Dick,glory
Gustav,Haflin,glory
Colin,Sunde,glory
Tyler,Chan,glory
Chris,Bartoli,glory
Caelan,McSweeney,glory
Matthew,Nightingale,flyers
Tobias,Brooks,flyers
Sol,Yanuck,flyers
Henry,Fisher,flyers
Seth,Weaver,flyers
Dylan,Hawkins,flyers
Grayson,Sanner,flyers
Terrence,Mitchell,flyers
Matt,Tucker,flyers
Ethan,Bloodworth,flyers
Allan,Laviolette,flyers
William,Coffin,flyers
Ramzi,Musleh,flyers
Drew,Swanson,flyers
Anders,Juengst,flyers
Suraj,Madiraju,flyers
Cooper,Williams,flyers
Jacob,Fairfax,flyers
Cam,Bellando,flyers
Walker,Matthews,flyers
Michael,Lee,flyers
John,Wellers,flyers
Daniel,Zhu,flyers
Ty,Naquin,flyers
Christian,Belus,flyers
Alexander,Wilcox,flyers
Marc,Rovner,flyers
Dillon,Bruer,flyers
Elijah,Long,flyers
Clint,McSherry,flyers
Andrew,Vande Berg,flyers
Trevor,Lynch,flyers
Ben,Snell,flyers
Jesse,Johnson,union
Gabe,Schoepke,union
Ray,Mauntel,union
Joel,Willison,union
Jack,Shanahan,union
Ian,Falck,union
Wilson,Matthews,union
Nate,Astrom,union
Reid,Martin,union
Sam,Kaminsky,union
Dex,Dremann,union
Jeff,Weis,union
Cullen,Baker,union
Cal,Tornabene,union
Joe,Cercello,union
Milan,Rivas,union
Jake,Steslicki,union
Yipeng,Wang,union
Sam,Gabrielson,union
Benjamin,Preiss,union
John,Lithio,union
Dylan,Power,union
Jake,Rubin-Miller,union
Jerry,Kelly,union
Joe,White,union
Andrew,Sjogren,union
Alex,Atkins,summit
Zeke,Thoreson,summit
Jay,Froude,summit
Atkin,Arnstein,summit
Felix,Pronove,summit
Logan,Pruess,summit
Matt,Jackson,summit
Jonathan,Nethercutt,summit
Danny,Landesman,summit
Sam,Goldstein,summit
Rodrigo,Gould Rodriguez,summit
Seth,Faris,summit
Chance,Cochran,summit
Saeed,Semrin,summit
Dennis,Bechis,summit
Charles,Cannon,summit
Thomas,Brewster,summit
Connor,Olson,summit
Mathieu,Agee,summit
Tyler,Nguyen,summit
David,Yu,summit
Sandford,Brown,summit
Sten,Larson,summit
Kai,Marshall,summit
Cody,Johnston,summit
Chris,Ward,summit
Nanda,Min-Fink,summit
Nicholas,Snuszka,summit
Noah,Coolman,summit
Erik,Hotaling,summit
Aylen,Learned,summit
Jeremy,Knopf,summit
Nathan,Buchholz,summit
Quinn,Finer,summit
Alex,Tatum,summit
Jake,Floyd,legion
Carson,Wilder,legion
Myles,Armstrong,legion
Alec,Wilson Holliday,legion
Emmanuel,Bilolo,legion
Zachary,Wenner,legion
Cameron,Guidry,legion
Jason,Hustad,legion
Brian,Street,legion
Daniel,Welkener,legion
Connor,DeLuna,legion
Nathaniel,Austin,legion
Luke,Norby,legion
Eric,Carter,legion
Daniel,Winter,legion
Tommy,Trompeter,legion
Joseph,Welkener,legion
Drew,Laird,legion
Darren,Phillips,legion
Watson,Anderson,legion
John,Shelley,legion
Max,Hamilton,legion
Samuel,Roberts,legion
Ben,Rogers,legion
Nicholas,DiGiorgio,legion
Jack,Wooldridge,legion
Tanner,Roberts,legion
Ben,Price,legion
Xavier,Schafer,breeze
Isaac,Lee,breeze
Charlie,McCutcheon,breeze
AJ,Merriman,breeze
Zachary,Burpee,breeze
Tyler,Monroe,breeze
Thomas,Edmonds,breeze
Zach,Norrbom,breeze
Luke,Rehfuss,breeze
Rowan,McDonnell,breeze
Cole,Jurek,breeze
William,Tober,breeze
Kevin,Healey,breeze
Brandon,Lamberty,breeze
Rhys,Bergeron,breeze
Elliot,Bonnet,breeze
Jacques,Nissen,breeze
Rami,Paust,breeze
David,Bloodgood,breeze
Andrew,Roy,breeze
Mitchell,Blaha,breeze
Miles, Grovic,breeze
Tanner,Gesell,breeze
Jeff,Wodatch,breeze
Gus,Norrbom,breeze
Ryan,Weaver,breeze
Jonny,Malks,breeze
Jasper,Tom,breeze
Frederick,Farah,breeze
Jace,Dean,breeze
Nathan,Ploeger,mechanix
Gregory,Moreno,mechanix
Justin,Wollin,mechanix
Carson,Chamberlain,mechanix
James,Kloss,mechanix
Jake,Felton,mechanix
Nic,Lanas,mechanix
Marco,Dewey,mechanix
Brendan,Gessner,mechanix
Richard,Ware,mechanix
Bradley,Kennis,mechanix
Elliot,Davis,mechanix
Terry,Gaither,mechanix
Aiden,Rudy,mechanix
Stephen,Grondin,mechanix
Conrad,Nguyen,mechanix
Matthew,Bell,mechanix
Colin,Beauregard,mechanix
Noah,Sawyer,mechanix
Max,Grove,havoc
Brendan,Keith,havoc
Matt,Bennett,havoc
Xavier,Daniel,havoc
Corey,Tolbert,havoc
Marshall,Dinges,havoc
Ben,Lewis,havoc
Brendan,Adams,havoc
Connor,Ughetta,havoc
Kyle,Kolafa,havoc
Caiden,Burt,havoc
Dylan,Zeringue,havoc
Steven,Kelly,havoc
Kevin,Land,havoc
Brian,Gfroerer,havoc
Zachary,Cotter,havoc
Francisco,Gomez,havoc
Jimmy,Zuraw,havoc
Shaun,Seidenberger,havoc
Toya,Chukwumerije ,havoc
Mark,Baldauf,havoc
Elliot,Sakach,havoc
Garrett,Wilson,havoc
Brandon,Lin,havoc
Mitch,Lutz,havoc
Bryan,Downey,havoc
Gregory,Plaia Jr.,havoc
Ethan,Niedzwiedz,havoc
Matt,Lyle,havoc
Dane,Bossert,havoc
Conner,Blalack,alleycats
Rick,Gross,alleycats
Cameron,Brock,alleycats
Jeremiah,Branson,alleycats
Sam,Good,alleycats
Levi,Jacobs,alleycats
Lucas,Coniaris,alleycats
William,Wettengel,alleycats
Jason,Kempe,alleycats
Jake,Kenniv,alleycats
Seth,Gudeman,alleycats
Cody,Curran,alleycats
Drew,Happe,alleycats
Nick,Hutton,alleycats
Xavier,Payne,alleycats
Jack,Havey,alleycats
Collin,Rassel,alleycats
Tanner,Graham,alleycats
Joey,Cari,alleycats
Travis,Carpenter,alleycats
Elliot, Hawkins,alleycats
Ben,Close,alleycats
Ben,Landry,alleycats
Joel,Close,alleycats
John,Jones,alleycats
Robby,Davenport,alleycats
Michael,Kiyoi,aviators
Brent,George,aviators
Landon,Shank,aviators
Isaac,Hsu,aviators
Kenta,Kawaguchi,aviators
Andrew,Padula,aviators
Sean,McDougall,aviators
Cy,Toriello,aviators
Mitchell,Steiner,aviators
Leo,Decter,aviators
Steven,Moliterno,aviators
Kevin,Goldberg,aviators
Jason,Lee,aviators
Zac,Schakner,aviators
Everest,Shapiro,aviators
Daniel,Brunker,aviators
Kobi,McCracken,aviators
Sam,Cook,aviators
Will,Turner,aviators
Eddie,Finley,aviators
Mateo,Dominguez,aviators
Pawel,Janas,aviators
Garrett,Santi,aviators
Rhys,Gretsch,aviators
Tomas,Fong,aviators
Bryan,Nguyen,aviators
Brandon,Van Deusen,aviators
Andrew,Meshnick,radicals
Jake,Carrico,radicals
Brian,Hart,radicals
Anthony,Gutowsky,radicals
Charlie, Benforado,radicals
Joshua,Wilson,radicals
Victor,Luo,radicals
David,Nester,radicals
Jacob,Wham,radicals
Tyler, Williams,radicals
Alex,Gravatt,radicals
Sterling,Knoche,radicals
Nico,Ranabhat,radicals
Avery,Johnson,radicals
Mac,Weber,radicals
Shane,Otis,radicals
Noah,Nicol,radicals
Jack,Nelson,radicals
Daniel,Garlock,radicals
Val,Post,radicals
Biz,Schlaefer,radicals
Pat,Shriwise,radicals
Max,Sample,radicals
John,Tan,radicals
Matt,Grinde,radicals
Kelsen,Alexander,radicals
Mitchell,McCarthy,radicals
Joe,Leibforth,radicals
Ted,Schewe,radicals
Luke,Marks,radicals
Jack,Kelly,radicals
Kevin,Pettit-Scantling,radicals
Gabe,Vordick,radicals
Pieran,Robert,radicals
Sam,Stark,radicals
Kai,Marcus,radicals
Bret,Bergmeier,windchill
William,Brandt,windchill
Bryan,Vohnoutka,windchill
Noah,Hanson,windchill
Jordan,Taylor,windchill
Tyler,Thomegreene,windchill
Ian,McCosky,windchill
Sebastian,Brauer,windchill
Michael,Jordan,windchill
Will,Casperson,windchill
Colin,Berry,windchill
Tanner,Barcus,windchill
Michael,Petersen,windchill
Gordon,Larson,windchill
Sam,Berglund,windchill
Paul,Krenik,windchill
Matej,Petrovic,windchill
Cameron,Lacy,windchill
Josh,Klane,windchill
Leo,Sovell-Fernandez,windchill
Matthew,Rehder,windchill
Greg,Cousins,windchill
James,Kittlesen,windchill
Anthony,Jirele,windchill
Mickey,Walsh,windchill
Dylan,DeClerck,windchill
Brandon,Matis,windchill
Quinn,Snider,windchill
Tristan,Van de Moortele,windchill
Paul,Hooley,royal
William,St-Pierre,royal
Charles,Guay,royal
Sam,Warrick,royal
Raphael,Salvas,royal
Felix,Leonard,royal
Julien,Bernat,royal
Ywan,Cohonner,royal
Raphaël,Lalonde-Landry,royal
Thomas,Lalonde-Landry,royal
Antoine,Dubé,royal
Jacob,Duquette,royal
Phillipe,Le Bourdais,royal
Tobe,Decraene,royal
Calvin,Coulbury,royal
Antoine,Rousseau,royal
Christophe,Tremblay-Joncas,royal
Quentin,Bonnaud,royal
Jean-Levy,Champagne,royal
Liam,McKeown,royal
Melvyn,Brichet,royal
Kevin,Groulx,royal
Kevin,Quinlan,royal
Dylan,Lacombe-Burgoyne,royal
Jakob,Brissette,royal
Ryan,Osgar,empire
Oscar,Kohut,empire
Josue,Alorro,empire
Ben,Jagt,empire
Charles,Weinberg,empire
Ethan,Fortin,empire
Solomon,Rueschemeyer-Bailey,empire
Elliott,Chartock,empire
Jack,Williams,empire
Jeff,Holm,empire
Oliver,Chartock,empire
Mike,Drost,empire
Axel,Agami,empire
Matt,LaBar,empire
Shashank,Alladi,empire
John,Randolph,empire
Bretton,Tan,empire
Ryan,Drost,empire
Antoine,Davis,empire
Marques,Brownlee,empire
Matthias,Ling,empire
Gavin,May,spiders
Rafael,Castro,spiders
Robin,Vickers Batzdorf,spiders
Walker,Frankenberg,spiders
Dylan,Nice,spiders
Payton,Laurie,spiders
Robert,Yeagle,spiders
Justin,Lim,spiders
Jace,Bruner,spiders
Daniel,Ritthaler,spiders
Sawyer,Thompson,spiders
Ridge,Huang,spiders
Chris,Lung,spiders
Jake,Thorne,spiders
Matthew,Burke,spiders
Victor,Zhou,spiders
Morgan,Sommer,spiders
Raekwon,Adkins,spiders
Evan, Magsig,spiders
Aaron,Rosenthal,spiders
Stephen,Dolan,spiders
Dexter,Clyburn,spiders
Conor,Bauman,spiders
Keenan,Laurence,spiders
Max,Williams,spiders
Eli,Kerns,spiders
Wyatt,Berreman,spiders
Dylan,Burns,spiders
Sam,Kapalapa,spiders
Christopher,Zaleski,phoenix
Brandon,Pastor,phoenix
Greg,Martin,phoenix
Mike,Campanella,phoenix
Max,Trifillis,phoenix
Tyler,DeGirolamo,phoenix
Nate,Long,phoenix
Anthony,Prato,phoenix
Dmitry,Suvorov,phoenix
Eric,Witmer,phoenix
Mark,Philipson,phoenix
Trevor,Griesman,phoenix
James,Pollard,phoenix
Gavin,Abrahamsson,phoenix
Alex,Thorne,phoenix
Jordan,Rhyne,phoenix
Allan,Michel,phoenix
Nate,Little,phoenix
Justin,Keller,phoenix
Leo,Warren,phoenix
David,Perry,phoenix
Calvin,Trisolini,phoenix
Ian,Dietrich,phoenix
Ethan,Holmgren,phoenix
Matt,Hanna,phoenix
Scott,Heyman,phoenix
Sean,Mott,phoenix
Paul,Owens,phoenix
Andres,Rodriguez,phoenix
Eric,Nardelli,phoenix
Reid,Duncan,thunderbirds
Max,Sheppard,thunderbirds
Jonathan,Mast,thunderbirds
John,McMonigal,thunderbirds
Noah,Celuch,thunderbirds
Anson,Reppermund,thunderbirds
Thomas,Hansen,thunderbirds
Andrew, Thompson,thunderbirds
Joe,Molder,thunderbirds
Robin,Maillard,thunderbirds
Zac,Byrnes,thunderbirds
Charlie,Vukovic,thunderbirds
Kenny,Furdella,thunderbirds
Tyler,McCarthy,thunderbirds
Logan,Call,thunderbirds
Anil,Driehuys,thunderbirds
Pete,Zaccardi,thunderbirds
Chris,Graber,thunderbirds
Will,Hoffenkamp,thunderbirds
Connor,Newell,thunderbirds
Ryan,Kindell,thunderbirds
David,Braden,thunderbirds
Benjamin,Attal,thunderbirds
Malachi,Marshall,thunderbirds
Mahith,Edula,thunderbirds
Kevin,Nicholl,thunderbirds
Marcel,Oliart,thunderbirds
Jimmy,Towle,thunderbirds
Dan,Nichols,thunderbirds
Alex,Mullen,thunderbirds
Michael,Dillard,thunderbirds
Carl,Johnson,thunderbirds
Matt,Viscido,thunderbirds
Max,Devine,thunderbirds
Avi,Taylor,nitro
Ben,Thoennes,nitro
David,Barram,nitro
Scott,Radlauer,nitro
Felix,Moren,nitro
Conner,Stillwell,nitro
Cole,Eustis,nitro
Kaenan,Combs,nitro
Quinn,Buermeyer,nitro
Jon,Snyder,nitro
Josh,Moore,nitro
Duncan,McNally,nitro
Nate,Knutson,nitro
Emmett,Warner,nitro
Landon,Lavoie,nitro
Julian,Saunt,nitro
Antonio,Rueda,nitro
Henry,Wayte,nitro
Bram,Allahdadi,nitro
Dan,Baumgartner,nitro
Nick,Redmond,nitro
Spencer,Latarski,nitro
Zach,Heiden,nitro
Patrick,Buermeyer,nitro
Caleb,Campbell,nitro
Lucas,Henry,nitro
Jacob,Miller,shred
Nathan,Huff,shred
Luke,Yorgason,shred
Oscar,Brown,shred
Devon,Terry,shred
Trey,Taylor,shred
Chad,Yorgason,shred
Sean,Connole,shred
Will,Selfridge,shred
Ben,Field,shred
McKay,Yorgason,shred
Sean,McDonald,shred
Ben,Ashton,shred
Justin,Mecham,shred
Zach,Burnside,shred
Porter,Oyler,shred
Zach,Wolfe,shred
Jacob,Jahnke,shred
Jace,Duennebeil,shred
Tony,Mounga,shred
Jonny,Hoffman,shred
Alex,Forsberg,shred
Grant,Lindsley,shred
Matt,Jamison,shred
Kyle,Weinberg,shred
Chase,Smith,shred
Joe,Merrill,shred
Elijah,Jaime,shred
Jason,McKeen,shred
Jordan,Kerr,shred
Eugene,L'Heureux,shred
Taylor,Barton,shred
Grayson,Rettburg,shred
Matt,Miller,growlers
Bryce,Lozinski,growlers
Aaron,Coble,growlers
Maxwell,Hume,growlers
Matt,Nelson,growlers
Peter,Lenz,growlers
Reggie,Sung,growlers
Ethan,Li,growlers
Tynan,Sander,growlers
Thomas,Konogeris,growlers
Kyle,Rubin,growlers
Marshall,Crawford,growlers
Michael,Tran,growlers
Daniel,Pryke,growlers
Krishna,Gomatam,growlers
Casey,Wu,growlers
Jan,Szmanda,growlers
Jordan,Queckboerner ,growlers
Ben,Levinsky,growlers
Oliver,Artus,growlers
Stefan,Samu,growlers
Taylor,Gilman,growlers
Elijah,Salmon,growlers
Jimmy,McGuinness,growlers
Travis,Dunn,growlers
Caden,Sigerud,growlers
Garrett,Hable,growlers
Casey,Shugarman,growlers
Max,Gibson,growlers
Zeppelin,Raunig,cascades
Tony,Goss,cascades
Lukas,Ambrose,cascades
Willie,Saxen,cascades
Jordan,Smith,cascades
Spencer,Lofink,cascades
Christian,Foster,cascades
Marc,Munoz,cascades
Garrett,Martin,cascades
Jake,Shoyer,cascades
Chris,Roach,cascades
Tommy,Li,cascades
Jack,Brown,cascades
Derek,Mourad,cascades
Jasper,Dean,cascades
Mason,Stone,cascades
Emmet,Shipway,cascades
Kenny,Lane III,cascades
Tommy,Lin,cascades
Michael,Buyco,cascades
Cedar,Hines,cascades
Ian,Sweeney,cascades
Steve,Mogielski,cascades
Ben,Bolan,cascades
Kamal,Raslan,cascades
Phillip,Korolog,cascades
Jeremy,Norden,cascades
Ray,Ye,cascades
Gavin,Leahy,cascades
Soren,Dahl,cascades
Dominic,Jacobs,cascades
Louie,Bertoncin,cascades
Dominic,Chiodi,cascades
Brandon,Li,cascades
Shane,Worthington,cascades
Khalif,El-Salaam,cascades
Brandon,Adibe,rush
Akifumi,Muraoka,rush
Kevin,Jay,rush
Matthew,Lam,rush
Oscar,Stonehouse,rush
Nathan,Hsieh,rush
Jackson,McKee,rush
Justin,Luo,rush
Zachary,Armstrong,rush
Kevin,Tong,rush
Luc,Comire,rush
Rui,Carvalho,rush
Ryan,Poloz,rush
Martin,Shiu,rush
Dax,Miller,rush
Oren,Binnun,rush
Daniel,Wong,rush
Travis,Puckrin,rush
Kelvin,Huang,rush
Owen,Robinson,rush
Jamie,Millage,rush
Phil,Turner,rush
Keith,McRae,rush
Logan,Dufour,rush
Adam,O'Donnell,rush
Ben,Klar,rush
Araav,Sehgal,rush
Cameron,Kennedy,rush
Will,Turner,rush
James,McClean,rush
Chris,Chan,rush
Adam,Turcotte,rush
Griffin,McKee,rush
